,load,load_stdev,min_max,min_max_stdev,save,save_stdev,scaling,scaling_stdev,total,total_stdev
0,13.8336212,0.252609915032,9.5795578,0.0409137620436,24.3199484,1.04356301897,7.6149998,0.0562801659109,55.3481746,1.00101652183
1,13.6701948,0.0392954322099,9.6636914,0.127533437423,23.4699106,2.03537190412,7.6664332,0.0591263940061,54.470278,2.13734102473
2,13.6997576,0.0343834868307,5.4192696,0.147160396353,24.5367096,2.59857793641,3.9599626,0.0393782164076,47.6157476,2.49048682316
3,14.4542122,0.46057469446,5.3684538,0.110185021839,24.8957764,2.82407772648,3.968072,0.0476662037507,48.6865604,3.17917417561
4,14.4621304,0.12855363561,3.855098,0.170134273451,25.8436214,1.0790697428,2.8801764,0.0612500952998,47.0410744,1.09701310385
5,14.0122656,0.245554761129,3.7434086,0.0311676848714,23.1895742,0.954593155932,2.8635228,0.0500888398604,43.8088244,0.742386795524
