,execution_time,execution_time_stdev,row_id:
0,0.16948435,0.0157420371562,2
1,0.0927342,0.0101753878924,4
2,0.0663483,0.00924517509894,6
3,0.0556991,0.00940001829732,8
4,0.1307846,0.0357774456123,10
5,0.1174428,0.0344506810246,12
6,0.0926852,0.0450314445544,14
7,0.07295575,0.0223458591553,16
