,execution_time,execution_time_stdev
0,0.3733752,0.00776279692894
1,0.1998281,0.0111861141104
2,0.1328088,0.0110620884809
3,0.1153543,0.00977637053359
4,0.0959185,0.0101178506339
5,0.0806892,0.0136459448541
6,0.0746647,0.013155784728
7,0.0744264,0.0139559798022
